"Variable / Field Name","Form Name","Section Header","Field Type","Field Label","Choices, Calculations, OR Slider Labels","Field Note","Text Validation Type OR Show Slider Number","Text Validation Min","Text Validation Max",Identifier?,"Branching Logic (Show field only if...)","Required Field?","Custom Alignment","Question Number (surveys only)","Matrix Group Name","Matrix Ranking?","Field Annotation"
record_id,activity_sleep_monitor_log_day_night_1,,text,"Record ID",,,,,,,,,,,,,
diary_day1,activity_sleep_monitor_log_day_night_1,"Day 1 Log (Application Day)",dropdown,"Day monitors were put on","1, Monday | 2, Tuesday | 3, Wednesday | 4, Thursday | 5, Friday | 6, Saturday | 7, Sunday",,,,,,,,LV,,,,
diary_date1,activity_sleep_monitor_log_day_night_1,,text,"Date monitors were put on",,,date_mdy,,,,,,LV,,,,
diary_time1,activity_sleep_monitor_log_day_night_1,,text,"Time monitors were put on",,,time,,,,,,LV,,,,
diary_workstart1,activity_sleep_monitor_log_day_night_1,,text,"If you worked today, what time did you start work? ",,,time,,,,,,LV,,,,
diary_workstop1,activity_sleep_monitor_log_day_night_1,,text,"If you worked today, what time did you stop work? ",,,time,,,,,,LV,,,,
diary_bedtime1,activity_sleep_monitor_log_day_night_1,,text,"What time did you get into bed? ",,,time,,,,,,LV,,,,
diary_monitorsoff1,activity_sleep_monitor_log_day_night_1,,yesno,"Did you remove the thigh monitor for >10 minutes today?",,,,,,,,,LV,,,,
diary_monitorsofftime1,activity_sleep_monitor_log_day_night_1,,text,"Time removed",,,time,,,,[diary_monitorsoff1]=1,,LV,,,,
diary_monitorsontime1,activity_sleep_monitor_log_day_night_1,,text,"Time back on",,,time,,,,[diary_monitorsoff1]=1,,LV,,,,
diary_monitorsofftxt1,activity_sleep_monitor_log_day_night_1,,notes,Reason,,,,,,,[diary_monitorsoff1]=1,,LV,,,,
diary_nap1,activity_sleep_monitor_log_day_night_1,,yesno,"Did you take a nap today? ",,,,,,,,,LV,,,,
diary_napstrt1,activity_sleep_monitor_log_day_night_1,,text,"Nap start time",,,time,,,,[diary_nap1]=1,,LV,,,,
diary_napend1,activity_sleep_monitor_log_day_night_1,,text,"Nap end time",,,time,,,,[diary_nap1]=1,,LV,,,,
diary_nap_b1,activity_sleep_monitor_log_day_night_1,,yesno,"SECOND NAP: Is there a second nap?",,,,,,,,,,,,,
diary_napstrt_b1,activity_sleep_monitor_log_day_night_1,,text,"Nap start time",,,time,,,,[diary_nap_b1]=1,,,,,,
diary_napend_b1,activity_sleep_monitor_log_day_night_1,,text,"Nap end time",,,time,,,,[diary_nap_b1]=1,,,,,,
diary_actchg1,activity_sleep_monitor_log_day_night_1,,yesno,"Did your usual activity or sleep patterns change for any reason (e.g. quarantine, illness, injury, etc.)? ",,,,,,,,,LV,,,,
diary_actchgtxt1,activity_sleep_monitor_log_day_night_1,,notes,"If yes, please describe",,,,,,,[diary_actchg1]=1,,LV,,,,
diary_comments1,activity_sleep_monitor_log_day_night_1,,notes,"Other comments",,,,,,,,,LV,,,,
diary_trysleep1,activity_sleep_monitor_log_day_night_1,"Night 1 Sleep Recall",text,"What time did you try to go to sleep?",,,time,,,,,,LV,,,,
diary_fallaslp1,activity_sleep_monitor_log_day_night_1,,text,"How long did it take you to fall asleep? (minutes)",,,number,0,,,,,LV,,,,
diary_wake1,activity_sleep_monitor_log_day_night_1,,text,"How many times did you wake up, not counting your final awakening?
",,,number,,,,,,LV,,,,
diary_waketotal1,activity_sleep_monitor_log_day_night_1,,text,"In total, how long did these awakenings last? (minutes)
",,,number,,,,,,LV,,,,
diary_finalwake1,activity_sleep_monitor_log_day_night_1,,text,"What time was your final wakening?",,,time,,,,,,LV,,,,
diary_stopsleep1,activity_sleep_monitor_log_day_night_1,,text,"What time did you stop trying to sleep?
",,,time,,,,,,LV,,,,
diary_outofbed1,activity_sleep_monitor_log_day_night_1,,text,"What time did you get out of bed for the day?
",,,time,,,,,,LV,,,,
diary_totalsleep1,activity_sleep_monitor_log_day_night_1,,text,"In total, how long did you sleep? (hours converted to decimals, i.e., 8.5)
",,,number,0,24,,,,LV,,,,
diary_sleepqual1,activity_sleep_monitor_log_day_night_1,,radio,"How would you rate the quality of your sleep?
","1, Very poor | 2, Poor | 3, Fair | 4, Good | 5, Very good",,,,,,,,LV,,,,
night_marker_1,activity_sleep_monitor_log_day_night_1,"Actigraphy editing ",text,"Evening event marker ",,(hh:mm:ss),,,,,,,,,,,
night_light_1,activity_sleep_monitor_log_day_night_1,,text,"Evening white light",,(hh:mm:ss),,,,,,,,,,,
night_activity_1,activity_sleep_monitor_log_day_night_1,,text,"Evening activity",,(hh:mm:ss),,,,,,,,,,,
night_input_1,activity_sleep_monitor_log_day_night_1,,dropdown,"Input variable use ","1, Event marker | 2, White light | 3, Sleep diary | 4, Activity",,,,,,,,,,,,
night_concord_1,activity_sleep_monitor_log_day_night_1,,dropdown,Concordance,"1, 15 mins | 2, 30 mins | 3, N/A",,,,,,,,,,,,
night_numinput_1,activity_sleep_monitor_log_day_night_1,,dropdown,"Number of inputs","4, 4 | 3, 3 | 2, 2 | 1, 1",,,,,,,,,,,,
night_notes_1,activity_sleep_monitor_log_day_night_1,,notes,Justification/Notes,,,,,,,,,,,,,
morn_marker_1,activity_sleep_monitor_log_day_night_1,,text,"Morning event marker",,(hh:mm:ss),,,,,,,,,,,
morn_light_1,activity_sleep_monitor_log_day_night_1,,text,"Morning white light",,(hh:mm:ss),,,,,,,,,,,
morn_activity_1,activity_sleep_monitor_log_day_night_1,,text,"Morning activity",,(hh:mm:ss),,,,,,,,,,,
morn_input_1,activity_sleep_monitor_log_day_night_1,,dropdown,"Input variable use","1, Event marker | 2, White light | 3, Sleep Diary | 4, Activity",,,,,,,,,,,,
morn_concord_1,activity_sleep_monitor_log_day_night_1,,dropdown,Concordance,"1, 15 mins | 2, 30 mins | 3, N/A",,,,,,,,,,,,
morn_numinput_1,activity_sleep_monitor_log_day_night_1,,dropdown,"Number of inputs","4, 4 | 3, 3 | 2, 2 | 1, 1",,,,,,,,,,,,
morn_notes_1,activity_sleep_monitor_log_day_night_1,,notes,Justification/Notes,,,,,,,,,,,,,
nap_start_marker_1,activity_sleep_monitor_log_day_night_1,,text,"Nap start event marker",,(hh:mm:ss),,,,,"[diary_nap1] = '1'",,,,,,
nap_start_light_1,activity_sleep_monitor_log_day_night_1,,text,"Nap start white light",,(hh:mm:ss),,,,,"[diary_nap1] = '1'",,,,,,
nap_start_activity_1,activity_sleep_monitor_log_day_night_1,,text,"Nap start activity",,(hh:mm:ss),,,,,"[diary_nap1] = '1'",,,,,,
nap_start_input_1,activity_sleep_monitor_log_day_night_1,,dropdown,"Input variable use","1, Event marker | 2, White light | 3, Sleep Diary | 4, Activity",,,,,,"[diary_nap1] = '1'",,,,,,
nap_start_concord_1,activity_sleep_monitor_log_day_night_1,,dropdown,Concordance,"1, 15 mins | 2, 30 mins | 3, N/A",,,,,,"[diary_nap1] = '1'",,,,,,
nap_start_numinput_1,activity_sleep_monitor_log_day_night_1,,dropdown,"Number of inputs","4, 4 | 3, 3 | 2, 2 | 1, 1",,,,,,"[diary_nap1] = '1'",,,,,,
nap_start_notes_1,activity_sleep_monitor_log_day_night_1,,notes,Justification/Notes,,,,,,,"[diary_nap1] = '1'",,,,,,
nap_end_marker_1,activity_sleep_monitor_log_day_night_1,,text,"Nap end event marker",,(hh:mm:ss),,,,,"[diary_nap1] = '1'",,,,,,
nap_end_light_1,activity_sleep_monitor_log_day_night_1,,text,"Nap end white light",,(hh:mm:ss),,,,,"[diary_nap1] = '1'",,,,,,
nap_end_activity_1,activity_sleep_monitor_log_day_night_1,,text,"Nap end activity",,(hh:mm:ss),,,,,"[diary_nap1] = '1'",,,,,,
nap_end_input_1,activity_sleep_monitor_log_day_night_1,,dropdown,"Input variable use","1, Event marker | 2, White light | 3, Sleep diary | 4, Activity",,,,,,"[diary_nap1] = '1'",,,,,,
nap_end_concord_1,activity_sleep_monitor_log_day_night_1,,dropdown,"Concordance ","1, 15 mins | 2, 30 mins | 3, N/A",,,,,,"[diary_nap1] = '1'",,,,,,
nap_end_numinput_1,activity_sleep_monitor_log_day_night_1,,dropdown,"Number of inputs","4, 4 | 3, 3 | 2, 2 | 1, 1",,,,,,"[diary_nap1] = '1'",,,,,,
nap_end_notes_1,activity_sleep_monitor_log_day_night_1,,notes,Justification/Notes,,,,,,,"[diary_nap1] = '1'",,,,,,
nap_start_marker_b1,activity_sleep_monitor_log_day_night_1,"Second Nap",text,"Nap start event marker",,(hh:mm:ss),,,,,"[diary_nap_b1] = '1'",,,,,,
nap_start_light_b1,activity_sleep_monitor_log_day_night_1,,text,"Nap start white light",,(hh:mm:ss),,,,,"[diary_nap_b1] = '1'",,,,,,
nap_start_activity_b1,activity_sleep_monitor_log_day_night_1,,text,"Nap start activity",,(hh:mm:ss),,,,,"[diary_nap_b1] = '1'",,,,,,
nap_start_input_b1,activity_sleep_monitor_log_day_night_1,,dropdown,"Input variable use","1, Event marker | 2, White light | 3, Sleep Diary | 4, Activity",,,,,,"[diary_nap_b1] = '1'",,,,,,
nap_start_concord_b1,activity_sleep_monitor_log_day_night_1,,dropdown,"Concordance ","1, 15 mins | 2, 30 mins | 3, N/A",,,,,,"[diary_nap_b1] = '1'",,,,,,
nap_start_numinput_b1,activity_sleep_monitor_log_day_night_1,,dropdown,"Number of inputs","4, 4 | 3, 3 | 2, 2 | 1, 1",,,,,,"[diary_nap_b1] = '1'",,,,,,
nap_start_notes_b1,activity_sleep_monitor_log_day_night_1,,notes,Justification/Notes,,,,,,,"[diary_nap_b1] = '1'",,,,,,
nap_end_marker_b1,activity_sleep_monitor_log_day_night_1,,text,"Nap end event marker",,(hh:mm:ss),,,,,"[diary_nap_b1] = '1'",,,,,,
nap_end_light_b1,activity_sleep_monitor_log_day_night_1,,text,"Nap end white light",,(hh:mm:ss),,,,,"[diary_nap_b1] = '1'",,,,,,
nap_end_activity_b1,activity_sleep_monitor_log_day_night_1,,text,"Nap end activity",,(hh:mm:ss),,,,,"[diary_nap_b1] = '1'",,,,,,
nap_end_input_b1,activity_sleep_monitor_log_day_night_1,,dropdown,"Input variable use","1, Event marker | 2, White light | 3, Sleep diary | 4, Activity",,,,,,"[diary_nap_b1] = '1'",,,,,,
nap_end_concord_b1,activity_sleep_monitor_log_day_night_1,,dropdown,"Concordance ","1, 15 mins | 2, 30 mins | 3, N/A",,,,,,"[diary_nap_b1] = '1'",,,,,,
nap_end_numinput_b1,activity_sleep_monitor_log_day_night_1,,dropdown,"Number of inputs","4, 4 | 3, 3 | 2, 2 | 1, 1",,,,,,"[diary_nap_b1] = '1'",,,,,,
nap_end_notes_b1,activity_sleep_monitor_log_day_night_1,,notes,Justification/Notes,,,,,,,"[diary_nap_b1] = '1'",,,,,,
diary_day2,activity_sleep_monitor_log_day_night_2,"Day 2 Log",dropdown,Day,"1, Monday | 2, Tuesday | 3, Wednesday | 4, Thursday | 5, Friday | 6, Saturday | 7, Sunday",,,,,,,,LV,,,,
diary_date2,activity_sleep_monitor_log_day_night_2,,text,Date,,,date_mdy,,,,,,LV,,,,
diary_workstart2,activity_sleep_monitor_log_day_night_2,,text,"If you worked today, what time did you start work? ",,,time,,,,,,LV,,,,
diary_workstop2,activity_sleep_monitor_log_day_night_2,,text,"If you worked today, what time did you stop work? ",,,time,,,,,,LV,,,,
diary_bedtime2,activity_sleep_monitor_log_day_night_2,,text,"What time did you get into bed? ",,,time,,,,,,LV,,,,
diary_monitorsoff2,activity_sleep_monitor_log_day_night_2,,yesno,"Did you remove the thigh monitor for >10 minutes today?",,,,,,,,,LV,,,,
diary_monitorsofftime2,activity_sleep_monitor_log_day_night_2,,text,"Time removed",,,time,,,,[diary_monitorsoff2]=1,,LV,,,,
diary_monitorsontime2,activity_sleep_monitor_log_day_night_2,,text,"Time back on",,,time,,,,[diary_monitorsoff2]=1,,LV,,,,
diary_monitorsofftxt2,activity_sleep_monitor_log_day_night_2,,notes,Reason,,,,,,,[diary_monitorsoff2]=1,,LV,,,,
diary_nap2,activity_sleep_monitor_log_day_night_2,,yesno,"Did you take a nap today? ",,,,,,,,,LV,,,,
diary_napstrt2,activity_sleep_monitor_log_day_night_2,,text,"Nap start time",,,time,,,,[diary_nap2]=1,,LV,,,,
diary_napend2,activity_sleep_monitor_log_day_night_2,,text,"Nap end time",,,time,,,,[diary_nap2]=1,,LV,,,,
diary_nap_b2,activity_sleep_monitor_log_day_night_2,,yesno,"SECOND NAP: Is there a second nap?",,,,,,,,,LV,,,,
diary_napstrt_b2,activity_sleep_monitor_log_day_night_2,,text,"Nap start time",,,time,,,,[diary_nap_b2]=1,,LV,,,,
diary_napend_b2,activity_sleep_monitor_log_day_night_2,,text,"Nap end time",,,time,,,,[diary_nap_b2]=1,,LV,,,,
diary_actchg2,activity_sleep_monitor_log_day_night_2,,yesno,"Did your usual activity or sleep patterns change for any reason (e.g. quarantine, illness, injury, etc.)? ",,,,,,,,,LV,,,,
diary_actchgtxt2,activity_sleep_monitor_log_day_night_2,,notes,"If yes, please describe",,,,,,,[diary_actchg2]=1,,LV,,,,
diary_comments2,activity_sleep_monitor_log_day_night_2,,notes,"Other comments",,,,,,,,,LV,,,,
diary_trysleep2,activity_sleep_monitor_log_day_night_2,"Night 2 Sleep Recall",text,"What time did you try to go to sleep?",,,time,,,,,,LV,,,,
diary_fallaslp2,activity_sleep_monitor_log_day_night_2,,text,"How long did it take you to fall asleep? (minutes)",,,number,0,,,,,LV,,,,
diary_wake2,activity_sleep_monitor_log_day_night_2,,text,"How many times did you wake up, not counting your final awakening?
",,,number,,,,,,LV,,,,
diary_waketotal2,activity_sleep_monitor_log_day_night_2,,text,"In total, how long did these awakenings last? (minutes)
",,,number,,,,,,LV,,,,
diary_finalwake2,activity_sleep_monitor_log_day_night_2,,text,"What time was your final wakening?",,,time,,,,,,LV,,,,
diary_stopsleep2,activity_sleep_monitor_log_day_night_2,,text,"What time did you stop trying to sleep?
",,,time,,,,,,LV,,,,
diary_outofbed2,activity_sleep_monitor_log_day_night_2,,text,"What time did you get out of bed for the day?
",,,time,,,,,,,,,,
diary_totalsleep2,activity_sleep_monitor_log_day_night_2,,text,"In total, how long did you sleep? (hours converted to decimals, i.e., 8.5)
",,,number,0,24,,,,,,,,
diary_sleepqual2,activity_sleep_monitor_log_day_night_2,,radio,"How would you rate the quality of your sleep?
","1, Very poor | 2, Poor | 3, Fair | 4, Good | 5, Very good",,,,,,,,,,,,
night_marker_2,activity_sleep_monitor_log_day_night_2,"Actigraphy editing",text,"Evening event marker",,(hh:mm:ss),,,,,,,,,,,
night_light_2,activity_sleep_monitor_log_day_night_2,,text,"Evening white light",,(hh:mm:ss),,,,,,,,,,,
night_activity_2,activity_sleep_monitor_log_day_night_2,,text,"Evening activity",,(hh:mm:ss),,,,,,,,,,,
night_input_2,activity_sleep_monitor_log_day_night_2,,dropdown,"Input variable use","1, Event marker | 2, White light | 3, Sleep diary | 4, Activity",,,,,,,,,,,,
night_concord_2,activity_sleep_monitor_log_day_night_2,,dropdown,Concordance,"1, 15 mins | 2, 30 mins | 3, N/A",,,,,,,,,,,,
night_numinput_2,activity_sleep_monitor_log_day_night_2,,dropdown,"Number of inputs","4, 4 | 3, 3 | 2, 2 | 1, 1",,,,,,,,,,,,
night_notes_2,activity_sleep_monitor_log_day_night_2,,notes,Justification/Notes,,,,,,,,,,,,,
morn_marker_2,activity_sleep_monitor_log_day_night_2,,text,"Morning event marker",,(hh:mm:ss),,,,,,,,,,,
morn_light_2,activity_sleep_monitor_log_day_night_2,,text,"Morning white light",,(hh:mm:ss),,,,,,,,,,,
morn_activity_2,activity_sleep_monitor_log_day_night_2,,text,"Morning activity",,(hh:mm:ss),,,,,,,,,,,
morn_input_2,activity_sleep_monitor_log_day_night_2,,dropdown,"Input variable use","1, Event marker | 2, White light | 3, Sleep diary | 4, Activity",,,,,,,,,,,,
morn_concord_2,activity_sleep_monitor_log_day_night_2,,dropdown,Concordance,"1, 15 mins | 2, 30 mins | 3, N/A",,,,,,,,,,,,
morn_numinput_2,activity_sleep_monitor_log_day_night_2,,dropdown,"Number of inputs","4, 4 | 3, 3 | 2, 2 | 1, 1",,,,,,,,,,,,
morn_notes_2,activity_sleep_monitor_log_day_night_2,,notes,Justification/Notes,,,,,,,,,,,,,
nap_start_marker_2,activity_sleep_monitor_log_day_night_2,,text,"Nap start event marker",,(hh:mm:ss),,,,,"[diary_nap2] = '1'",,,,,,
nap_start_light_2,activity_sleep_monitor_log_day_night_2,,text,"Nap start white light",,(hh:mm:ss),,,,,"[diary_nap2] = '1'",,,,,,
nap_start_activity_2,activity_sleep_monitor_log_day_night_2,,text,"Nap start activity",,(hh:mm:ss),,,,,"[diary_nap2] = '1'",,,,,,
nap_start_input_2,activity_sleep_monitor_log_day_night_2,,dropdown,"Input variable use","1, Event marker | 2, White light | 3, Sleep diary | 4, Activity",,,,,,"[diary_nap2] = '1'",,,,,,
nap_start_concord_2,activity_sleep_monitor_log_day_night_2,,dropdown,Concordance,"1, 15 mins | 2, 30 mins | 3, N/A",,,,,,"[diary_nap2] = '1'",,,,,,
nap_start_numinput_2,activity_sleep_monitor_log_day_night_2,,dropdown,"Number of inputs","4, 4 | 3, 3 | 2, 2 | 1, 1",,,,,,"[diary_nap2] = '1'",,,,,,
nap_start_notes_2,activity_sleep_monitor_log_day_night_2,,notes,Justification/Notes,,,,,,,"[diary_nap2] = '1'",,,,,,
nap_end_marker_2,activity_sleep_monitor_log_day_night_2,,text,"Nap end event marker",,(hh:mm:ss),,,,,"[diary_nap2] = '1'",,,,,,
nap_end_light_2,activity_sleep_monitor_log_day_night_2,,text,"Nap end white light",,(hh:mm:ss),,,,,"[diary_nap2] = '1'",,,,,,
nap_end_activity_2,activity_sleep_monitor_log_day_night_2,,text,"Nap end activity",,(hh:mm:ss),,,,,"[diary_nap2] = '1'",,,,,,
nap_end_input_2,activity_sleep_monitor_log_day_night_2,,dropdown,"Input variable use","1, Event marker | 2, White light | 3, Sleep diary | 4, Activity",,,,,,"[diary_nap2] = '1'",,,,,,
nap_end_concord_2,activity_sleep_monitor_log_day_night_2,,dropdown,Concordance,"1, 15 mins | 2, 30 mins | 3, N/A",,,,,,"[diary_nap2] = '1'",,LV,,,,
nap_end_numinput_2,activity_sleep_monitor_log_day_night_2,,dropdown,"Number of inputs","4, 4 | 3, 3 | 2, 2 | 1, 1",,,,,,"[diary_nap2] = '1'",,LV,,,,
nap_end_notes_2,activity_sleep_monitor_log_day_night_2,,notes,Justification/Notes,,(hh:mm:ss),,,,,"[diary_nap2] = '1'",,LV,,,,
nap_start_marker_b2,activity_sleep_monitor_log_day_night_2,"Second nap",text,"Nap start event marker",,(hh:mm:ss),,,,,"[diary_nap_b2] = '1'",,,,,,
nap_start_light_b2,activity_sleep_monitor_log_day_night_2,,text,"Nap start white light",,(hh:mm:ss),,,,,"[diary_nap_b2] = '1'",,,,,,
nap_start_activity_b2,activity_sleep_monitor_log_day_night_2,,text,"Nap start activity",,(hh:mm:ss),,,,,"[diary_nap_b2] = '1'",,,,,,
nap_start_input_b2,activity_sleep_monitor_log_day_night_2,,dropdown,"Input variable use","1, Event marker | 2, White light | 3, Sleep Diary | 4, Activity",,,,,,"[diary_nap_b2] = '1'",,,,,,
nap_start_concord_b2,activity_sleep_monitor_log_day_night_2,,dropdown,"Concordance ","1, 15 mins | 2, 30 mins | 3, N/A",,,,,,"[diary_nap_b2] = '1'",,,,,,
nap_start_numinput_b2,activity_sleep_monitor_log_day_night_2,,dropdown,"Number of inputs","4, 4 | 3, 3 | 2, 2 | 1, 1",,,,,,"[diary_nap_b2] = '1'",,,,,,
nap_start_notes_b2,activity_sleep_monitor_log_day_night_2,,notes,Justification/Notes,,,,,,,"[diary_nap_b2] = '1'",,,,,,
nap_end_marker_b2,activity_sleep_monitor_log_day_night_2,,text,"Nap end event marker",,(hh:mm:ss),,,,,"[diary_nap_b2] = '1'",,,,,,
nap_end_light_b2,activity_sleep_monitor_log_day_night_2,,text,"Nap end white light",,(hh:mm:ss),,,,,"[diary_nap_b2] = '1'",,,,,,
nap_end_activity_b2,activity_sleep_monitor_log_day_night_2,,text,"Nap end activity",,(hh:mm:ss),,,,,"[diary_nap_b2] = '1'",,,,,,
nap_end_input_b2,activity_sleep_monitor_log_day_night_2,,dropdown,"Input variable use","1, Event marker | 2, White light | 3, Sleep diary | 4, Activity",,,,,,"[diary_nap_b2] = '1'",,,,,,
nap_end_concord_b2,activity_sleep_monitor_log_day_night_2,,dropdown,"Concordance ","1, 15 mins | 2, 30 mins | 3, N/A",,,,,,"[diary_nap_b2] = '1'",,,,,,
nap_end_numinput_b2,activity_sleep_monitor_log_day_night_2,,dropdown,"Number of inputs","4, 4 | 3, 3 | 2, 2 | 1, 1",,,,,,"[diary_nap_b2] = '1'",,,,,,
nap_end_notes_b2,activity_sleep_monitor_log_day_night_2,,notes,Justification/Notes,,,,,,,"[diary_nap_b2] = '1'",,,,,,
diary_day3,activity_sleep_monitor_log_day_night_3,"Day 3 Log",dropdown,Day,"1, Monday | 2, Tuesday | 3, Wednesday | 4, Thursday | 5, Friday | 6, Saturday | 7, Sunday",,,,,,,,LV,,,,
diary_date3,activity_sleep_monitor_log_day_night_3,,text,Date,,,date_mdy,,,,,,LV,,,,
diary_workstart3,activity_sleep_monitor_log_day_night_3,,text,"If you worked today, what time did you start work? ",,,time,,,,,,LV,,,,
diary_workstop3,activity_sleep_monitor_log_day_night_3,,text,"If you worked today, what time did you stop work? ",,,time,,,,,,LV,,,,
diary_bedtime3,activity_sleep_monitor_log_day_night_3,,text,"What time did you get into bed? ",,,time,,,,,,LV,,,,
diary_monitorsoff3,activity_sleep_monitor_log_day_night_3,,yesno,"Did you remove the thigh monitor for >10 minutes today?",,,,,,,,,LV,,,,
diary_monitorsofftime3,activity_sleep_monitor_log_day_night_3,,text,"Time removed",,,time,,,,[diary_monitorsoff3]=1,,LV,,,,
diary_monitorsontime3,activity_sleep_monitor_log_day_night_3,,text,"Time back on",,,time,,,,[diary_monitorsoff3]=1,,LV,,,,
diary_monitorsofftxt3,activity_sleep_monitor_log_day_night_3,,notes,Reason,,,,,,,[diary_monitorsoff3]=1,,LV,,,,
diary_nap3,activity_sleep_monitor_log_day_night_3,,yesno,"Did you take a nap today? ",,,,,,,,,LV,,,,
diary_napstrt3,activity_sleep_monitor_log_day_night_3,,text,"Nap start time",,,time,,,,[diary_nap3]=1,,LV,,,,
diary_napend3,activity_sleep_monitor_log_day_night_3,,text,"Nap end time",,,time,,,,[diary_nap3]=1,,LV,,,,
diary_nap_b3,activity_sleep_monitor_log_day_night_3,,yesno,"SECOND NAP: Is there a second nap?",,,,,,,,,LV,,,,
diary_napstrt_b3,activity_sleep_monitor_log_day_night_3,,text,"Nap start time",,,time,,,,[diary_nap_b3]=1,,LV,,,,
diary_napend_b3,activity_sleep_monitor_log_day_night_3,,text,"Nap end time",,,time,,,,[diary_nap_b3]=1,,LV,,,,
diary_actchg3,activity_sleep_monitor_log_day_night_3,,yesno,"Did your usual activity or sleep patterns change for any reason (e.g. quarantine, illness, injury, etc.)? ",,,,,,,,,LV,,,,
diary_actchgtxt3,activity_sleep_monitor_log_day_night_3,,notes,"If yes, please describe",,,,,,,[diary_actchg3]=1,,LV,,,,
diary_comments3,activity_sleep_monitor_log_day_night_3,,notes,"Other comments",,,,,,,,,LV,,,,
diary_trysleep3,activity_sleep_monitor_log_day_night_3,"Night 3 Sleep Recall",text,"What time did you try to go to sleep?",,,time,,,,,,LV,,,,
diary_fallaslp3,activity_sleep_monitor_log_day_night_3,,text,"How long did it take you to fall asleep? (minutes)",,,number,0,,,,,LV,,,,
diary_wake3,activity_sleep_monitor_log_day_night_3,,text,"How many times did you wake up, not counting your final awakening?
",,,number,,,,,,LV,,,,
diary_waketotal3,activity_sleep_monitor_log_day_night_3,,text,"In total, how long did these awakenings last? (minutes)
",,,number,,,,,,LV,,,,
diary_finalwake3,activity_sleep_monitor_log_day_night_3,,text,"What time was your final wakening?",,,time,,,,,,LV,,,,
diary_stopsleep3,activity_sleep_monitor_log_day_night_3,,text,"What time did you stop trying to sleep?
",,,time,,,,,,LV,,,,
diary_outofbed3,activity_sleep_monitor_log_day_night_3,,text,"What time did you get out of bed for the day?
",,,time,,,,,,,,,,
diary_totalsleep3,activity_sleep_monitor_log_day_night_3,,text,"In total, how long did you sleep? (hours converted to decimals, i.e., 8.5)",,,number,0,24,,,,,,,,
diary_sleepqual3,activity_sleep_monitor_log_day_night_3,,radio,"How would you rate the quality of your sleep?
","1, Very poor | 2, Poor | 3, Fair | 4, Good | 5, Very good",,,,,,,,,,,,
night_marker_3,activity_sleep_monitor_log_day_night_3,"Actigraphy editing",text,"Evening event marker",,(hh:mm:ss),,,,,,,,,,,
night_light_3,activity_sleep_monitor_log_day_night_3,,text,"Evening white light ",,(hh:mm:ss),,,,,,,,,,,
night_activity_3,activity_sleep_monitor_log_day_night_3,,text,"Evening activity",,(hh:mm:ss),,,,,,,,,,,
night_input_3,activity_sleep_monitor_log_day_night_3,,dropdown,"Input variable use ","1, Event marker | 2, White light | 3, Sleep diary | 4, Activity",,,,,,,,,,,,
night_concord_3,activity_sleep_monitor_log_day_night_3,,dropdown,Concordance,"1, 15 mins | 2, 30 mins | 3, N/A",,,,,,,,,,,,
night_numinput_3,activity_sleep_monitor_log_day_night_3,,dropdown,"Number of inputs","4, 4 | 3, 3 | 2, 2 | 1, 1",,,,,,,,,,,,
nigh_notes_3,activity_sleep_monitor_log_day_night_3,,notes,Justification/Notes,,,,,,,,,,,,,
morn_marker_3,activity_sleep_monitor_log_day_night_3,,text,"Morning event marker",,(hh:mm:ss),,,,,,,,,,,
morn_light_3,activity_sleep_monitor_log_day_night_3,,text,"Morning white light",,(hh:mm:ss),,,,,,,,,,,
morn_activity_3,activity_sleep_monitor_log_day_night_3,,text,"Morning activity",,(hh:mm:ss),,,,,,,,,,,
morn_input_3,activity_sleep_monitor_log_day_night_3,,dropdown,"Input variable use","1, Event marker | 2, White light | 3, Sleep diary | 4, Activity",,,,,,,,,,,,
morn_concord_3,activity_sleep_monitor_log_day_night_3,,dropdown,Concordance,"1, 15 mins | 2, 30 mins | 3, N/A",,,,,,,,,,,,
morn_numinput_3,activity_sleep_monitor_log_day_night_3,,dropdown,"Number of inputs","4, 4 | 3, 3 | 2, 2 | 1, 1",,,,,,,,,,,,
morn_notes_3,activity_sleep_monitor_log_day_night_3,,notes,Justification/Notes,,,,,,,,,,,,,
nap_start_marker_3,activity_sleep_monitor_log_day_night_3,,text,"Nap start event marker",,(hh:mm:ss),,,,,"[diary_nap3] = '1'",,,,,,
nap_start_light_3,activity_sleep_monitor_log_day_night_3,,text,"Nap start white light",,(hh:mm:ss),,,,,"[diary_nap3] = '1'",,,,,,
nap_start_activity_3,activity_sleep_monitor_log_day_night_3,,text,"Nap start activity",,(hh:mm:ss),,,,,"[diary_nap3] = '1'",,,,,,
nap_start_input_3,activity_sleep_monitor_log_day_night_3,,dropdown,"Input variable use","1, Event marker | 2, White light | 3, Sleep diary | 4, Activity",,,,,,"[diary_nap3] = '1'",,,,,,
nap_start_concord_3,activity_sleep_monitor_log_day_night_3,,dropdown,Concordance,"1, 15 mins | 2, 30 mins | 3, N/A",,,,,,"[diary_nap3] = '1'",,,,,,
nap_start_numinput_3,activity_sleep_monitor_log_day_night_3,,dropdown,"Number of inputs","4, 4 | 3, 3 | 2, 2 | 1, 1",,,,,,"[diary_nap3] = '1'",,,,,,
nap_start_notes_3,activity_sleep_monitor_log_day_night_3,,notes,Justification/Notes,,,,,,,"[diary_nap3] = '1'",,,,,,
nap_end_marker_3,activity_sleep_monitor_log_day_night_3,,text,"Nap end event marker",,(hh:mm:ss),,,,,"[diary_nap3] = '1'",,,,,,
nap_end_light_3,activity_sleep_monitor_log_day_night_3,,text,"Nap end white light",,(hh:mm:ss),,,,,"[diary_nap3] = '1'",,,,,,
nap_end_activity_3,activity_sleep_monitor_log_day_night_3,,text,"Nap end activity",,(hh:mm:ss),,,,,"[diary_nap3] = '1'",,,,,,
nap_end_input_3,activity_sleep_monitor_log_day_night_3,,dropdown,"Input variable use","1, Event marker | 2, White light | 3, Sleep diary | 4, Activity",,,,,,"[diary_nap3] = '1'",,,,,,
nap_end_concord_3,activity_sleep_monitor_log_day_night_3,,dropdown,Concordance,"1, 15 mins | 2, 30 mins | 3, N/A",,,,,,"[diary_nap3] = '1'",,LV,,,,
nap_end_numinput_3,activity_sleep_monitor_log_day_night_3,,dropdown,"Number of inputs","4, 4 | 3, 3 | 2, 2 | 1, 1",,,,,,"[diary_nap3] = '1'",,LV,,,,
nap_end_notes_3,activity_sleep_monitor_log_day_night_3,,notes,Justification/Notes,,,,,,,"[diary_nap3] = '1'",,LV,,,,
nap_start_marker_b3,activity_sleep_monitor_log_day_night_3,"Second Nap",text,"Nap start event marker",,(hh:mm:ss),,,,,"[diary_nap_b3] = '1'",,,,,,
nap_start_light_b3,activity_sleep_monitor_log_day_night_3,,text,"Nap start white light",,(hh:mm:ss),,,,,"[diary_nap_b3] = '1'",,,,,,
nap_start_activity_b3,activity_sleep_monitor_log_day_night_3,,text,"Nap start activity",,(hh:mm:ss),,,,,"[diary_nap_b3] = '1'",,,,,,
nap_start_input_b3,activity_sleep_monitor_log_day_night_3,,dropdown,"Input variable use","1, Event marker | 2, White light | 3, Sleep Diary | 4, Activity",,,,,,"[diary_nap_b3] = '1'",,,,,,
nap_start_concord_b3,activity_sleep_monitor_log_day_night_3,,dropdown,"Concordance ","1, 15 mins | 2, 30 mins | 3, N/A",,,,,,"[diary_nap_b3] = '1'",,,,,,
nap_start_numinput_b3,activity_sleep_monitor_log_day_night_3,,dropdown,"Number of inputs","4, 4 | 3, 3 | 2, 2 | 1, 1",,,,,,"[diary_nap_b3] = '1'",,,,,,
nap_start_notes_b3,activity_sleep_monitor_log_day_night_3,,notes,Justification/Notes,,,,,,,"[diary_nap_b3] = '1'",,,,,,
nap_end_marker_b3,activity_sleep_monitor_log_day_night_3,,text,"Nap end event marker",,(hh:mm:ss),,,,,"[diary_nap_b3] = '1'",,,,,,
nap_end_light_b3,activity_sleep_monitor_log_day_night_3,,text,"Nap end white light",,(hh:mm:ss),,,,,"[diary_nap_b3] = '1'",,,,,,
nap_end_activity_b3,activity_sleep_monitor_log_day_night_3,,text,"Nap end activity",,(hh:mm:ss),,,,,"[diary_nap_b3] = '1'",,,,,,
nap_end_input_b3,activity_sleep_monitor_log_day_night_3,,dropdown,"Input variable use","1, Event marker | 2, White light | 3, Sleep diary | 4, Activity",,,,,,"[diary_nap_b3] = '1'",,,,,,
nap_end_concord_b3,activity_sleep_monitor_log_day_night_3,,dropdown,"Concordance ","1, 15 mins | 2, 30 mins | 3, N/A",,,,,,"[diary_nap_b3] = '1'",,,,,,
nap_end_numinput_b3,activity_sleep_monitor_log_day_night_3,,dropdown,"Number of inputs","4, 4 | 3, 3 | 2, 2 | 1, 1",,,,,,"[diary_nap_b3] = '1'",,,,,,
nap_end_notes_b3,activity_sleep_monitor_log_day_night_3,,notes,Justification/Notes,,,,,,,"[diary_nap_b3] = '1'",,,,,,
diary_day4,activity_sleep_monitor_log_day_night_4,"Day 4 Log",dropdown,Day,"1, Monday | 2, Tuesday | 3, Wednesday | 4, Thursday | 5, Friday | 6, Saturday | 7, Sunday",,,,,,,,LV,,,,
diary_date4,activity_sleep_monitor_log_day_night_4,,text,Date,,,date_mdy,,,,,,LV,,,,
diary_workstart4,activity_sleep_monitor_log_day_night_4,,text,"If you worked today, what time did you start work? ",,,time,,,,,,LV,,,,
diary_workstop4,activity_sleep_monitor_log_day_night_4,,text,"If you worked today, what time did you stop work? ",,,time,,,,,,LV,,,,
diary_bedtime4,activity_sleep_monitor_log_day_night_4,,text,"What time did you get into bed? ",,,time,,,,,,LV,,,,
diary_monitorsoff4,activity_sleep_monitor_log_day_night_4,,yesno,"Did you remove the thigh monitor for >10 minutes today?",,,,,,,,,LV,,,,
diary_monitorsofftime4,activity_sleep_monitor_log_day_night_4,,text,"Time removed",,,time,,,,[diary_monitorsoff4]=1,,LV,,,,
diary_monitorsontime4,activity_sleep_monitor_log_day_night_4,,text,"Time back on",,,time,,,,[diary_monitorsoff4]=1,,LV,,,,
diary_monitorsofftxt4,activity_sleep_monitor_log_day_night_4,,notes,Reason,,,,,,,[diary_monitorsoff4]=1,,LV,,,,
diary_nap4,activity_sleep_monitor_log_day_night_4,,yesno,"Did you take a nap today? ",,,,,,,,,LV,,,,
diary_napstrt4,activity_sleep_monitor_log_day_night_4,,text,"Nap start time",,,time,,,,[diary_nap4]=1,,LV,,,,
diary_napend4,activity_sleep_monitor_log_day_night_4,,text,"Nap end time",,,time,,,,[diary_nap4]=1,,LV,,,,
diary_nap_b4,activity_sleep_monitor_log_day_night_4,,yesno,"SECOND NAP: Is there a second nap?",,,,,,,,,LV,,,,
diary_napstrt_b4,activity_sleep_monitor_log_day_night_4,,text,"Nap start time",,,time,,,,[diary_nap_b4]=1,,LV,,,,
diary_napend_b4,activity_sleep_monitor_log_day_night_4,,text,"Nap end time",,,time,,,,[diary_nap_b4]=1,,LV,,,,
diary_actchg4,activity_sleep_monitor_log_day_night_4,,yesno,"Did your usual activity or sleep patterns change for any reason (e.g. quarantine, illness, injury, etc.)? ",,,,,,,,,LV,,,,
diary_actchgtxt4,activity_sleep_monitor_log_day_night_4,,notes,"If yes, please describe",,,,,,,[diary_actchg4]=1,,LV,,,,
diary_comments4,activity_sleep_monitor_log_day_night_4,,notes,"Other comments",,,,,,,,,LV,,,,
diary_trysleep4,activity_sleep_monitor_log_day_night_4,"Night 4 Sleep Recall",text,"What time did you try to go to sleep?",,,time,,,,,,LV,,,,
diary_fallaslp4,activity_sleep_monitor_log_day_night_4,,text,"How long did it take you to fall asleep? (minutes)",,,number,0,,,,,LV,,,,
diary_wake4,activity_sleep_monitor_log_day_night_4,,text,"How many times did you wake up, not counting your final awakening?
",,,number,,,,,,LV,,,,
diary_waketotal4,activity_sleep_monitor_log_day_night_4,,text,"In total, how long did these awakenings last? (minutes)
",,,number,,,,,,LV,,,,
diary_finalwake4,activity_sleep_monitor_log_day_night_4,,text,"What time was your final wakening?",,,time,,,,,,LV,,,,
diary_stopsleep4,activity_sleep_monitor_log_day_night_4,,text,"What time did you stop trying to sleep?
",,,time,,,,,,LV,,,,
diary_outofbed4,activity_sleep_monitor_log_day_night_4,,text,"What time did you get out of bed for the day?
",,,time,,,,,,,,,,
diary_totalsleep4,activity_sleep_monitor_log_day_night_4,,text,"In total, how long did you sleep? (hours converted to decimals, i.e., 8.5)
",,,number,0,24,,,,,,,,
diary_sleepqual4,activity_sleep_monitor_log_day_night_4,,radio,"How would you rate the quality of your sleep?
","1, Very poor | 2, Poor | 3, Fair | 4, Good | 5, Very good",,,,,,,,,,,,
night_marker_4,activity_sleep_monitor_log_day_night_4,"Actigraphy editing",text,"Evening event marker",,(hh:mm:ss),,,,,,,,,,,
night_light_4,activity_sleep_monitor_log_day_night_4,,text,"Evening white light",,(hh:mm:ss),,,,,,,,,,,
night_activity_4,activity_sleep_monitor_log_day_night_4,,text,"Evening activity",,(hh:mm:ss),,,,,,,,,,,
night_input_4,activity_sleep_monitor_log_day_night_4,,dropdown,"Input variable use","1, Event marker | 2, White light | 3, Sleep diary | 4, Activity",,,,,,,,,,,,
night_concord_4,activity_sleep_monitor_log_day_night_4,,dropdown,Concordance,"1, 15 mins | 2, 30 mins | 3, N/A",,,,,,,,,,,,
night_numinput_4,activity_sleep_monitor_log_day_night_4,,dropdown,"Number of inputs","4, 4 | 3, 3 | 2, 2 | 1, 1",,,,,,,,,,,,
night_notes_4,activity_sleep_monitor_log_day_night_4,,notes,Justification/Notes,,,,,,,,,,,,,
morn_marker_4,activity_sleep_monitor_log_day_night_4,,text,"Morning event marker",,(hh:mm:ss),,,,,,,,,,,
morn_light_4,activity_sleep_monitor_log_day_night_4,,text,"Morning white light",,(hh:mm:ss),,,,,,,,,,,
morn_activity_4,activity_sleep_monitor_log_day_night_4,,text,"Morning activity",,(hh:mm:ss),,,,,,,,,,,
morn_input_4,activity_sleep_monitor_log_day_night_4,,dropdown,"Input variable use","1, Event marker | 2, White light | 3, Sleep diary | 4, Activity",,,,,,,,,,,,
morn_concord_4,activity_sleep_monitor_log_day_night_4,,dropdown,Concordance,"1, 15 mins | 2, 30 mins | 3, N/A",,,,,,,,,,,,
morn_numinput_4,activity_sleep_monitor_log_day_night_4,,dropdown,"Number of inputs","4, 4 | 3, 3 | 2, 2 | 1, 1",,,,,,,,,,,,
morn_notes_4,activity_sleep_monitor_log_day_night_4,,notes,Justification/Notes,,,,,,,,,,,,,
nap_start_marker_4,activity_sleep_monitor_log_day_night_4,,text,"Nap start event marker",,(hh:mm:ss),,,,,"[diary_nap4] = '1'",,,,,,
nap_start_light_4,activity_sleep_monitor_log_day_night_4,,text,"Nap start white light",,(hh:mm:ss),,,,,"[diary_nap4] = '1'",,,,,,
nap_start_activity_4,activity_sleep_monitor_log_day_night_4,,text,"Nap start activity",,(hh:mm:ss),,,,,"[diary_nap4] = '1'",,,,,,
nap_start_input_4,activity_sleep_monitor_log_day_night_4,,dropdown,"Input variable use","1, Event marker | 2, White light | 3, Sleep diary | 4, Activity",,,,,,"[diary_nap4] = '1'",,,,,,
nap_start_concord_4,activity_sleep_monitor_log_day_night_4,,dropdown,Concordance,"1, 15 mins | 2, 30 mins | 3, N/A",,,,,,"[diary_nap4] = '1'",,,,,,
nap_start_numinput_4,activity_sleep_monitor_log_day_night_4,,dropdown,"Number of inputs","4, 4 | 3, 3 | 2, 2 | 1, 1",,,,,,"[diary_nap4] = '1'",,,,,,
nap_start_notes_4,activity_sleep_monitor_log_day_night_4,,notes,Justification/Notes,,,,,,,"[diary_nap4] = '1'",,,,,,
nap_end_marker_4,activity_sleep_monitor_log_day_night_4,,text,"Nap end event marker",,(hh:mm:ss),,,,,"[diary_nap4] = '1'",,,,,,
nap_end_light_4,activity_sleep_monitor_log_day_night_4,,text,"Nap end white light",,(hh:mm:ss),,,,,"[diary_nap4] = '1'",,,,,,
nap_end_activity_4,activity_sleep_monitor_log_day_night_4,,text,"Nap end activity",,(hh:mm:ss),,,,,"[diary_nap4] = '1'",,,,,,
nap_end_input_4,activity_sleep_monitor_log_day_night_4,,dropdown,"Input variable use","1, Event marker | 2, White light | 3, Sleep diary | 4, Activity",,,,,,"[diary_nap4] = '1'",,,,,,
nap_end_concord_4,activity_sleep_monitor_log_day_night_4,,dropdown,Concordance,"1, 15 mins | 2, 30 mins | 3, N/A",,,,,,"[diary_nap4] = '1'",,LV,,,,
nap_end_numinput_4,activity_sleep_monitor_log_day_night_4,,dropdown,"Number of inputs","4, 4 | 3, 3 | 2, 2 | 1, 1",,,,,,"[diary_nap4] = '1'",,LV,,,,
nap_end_notes_4,activity_sleep_monitor_log_day_night_4,,notes,Justification/Notes,,,,,,,"[diary_nap4] = '1'",,LV,,,,
nap_start_marker_b4,activity_sleep_monitor_log_day_night_4,"Second Nap",text,"Nap start event marker",,(hh:mm:ss),,,,,"[diary_nap_b4] = '1'",,,,,,
nap_start_light_b4,activity_sleep_monitor_log_day_night_4,,text,"Nap start white light",,(hh:mm:ss),,,,,"[diary_nap_b4] = '1'",,,,,,
nap_start_activity_b4,activity_sleep_monitor_log_day_night_4,,text,"Nap start activity",,(hh:mm:ss),,,,,"[diary_nap_b4] = '1'",,,,,,
nap_start_input_b4,activity_sleep_monitor_log_day_night_4,,dropdown,"Input variable use","1, Event marker | 2, White light | 3, Sleep Diary | 4, Activity",,,,,,"[diary_nap_b4] = '1'",,,,,,
nap_start_concord_b4,activity_sleep_monitor_log_day_night_4,,dropdown,"Concordance ","1, 15 mins | 2, 30 mins | 3, N/A",,,,,,"[diary_nap_b4] = '1'",,,,,,
nap_start_numinput_b4,activity_sleep_monitor_log_day_night_4,,dropdown,"Number of inputs","4, 4 | 3, 3 | 2, 2 | 1, 1",,,,,,"[diary_nap_b4] = '1'",,,,,,
nap_start_notes_b4,activity_sleep_monitor_log_day_night_4,,notes,Justification/Notes,,,,,,,"[diary_nap_b4] = '1'",,,,,,
nap_end_marker_b4,activity_sleep_monitor_log_day_night_4,,text,"Nap end event marker",,(hh:mm:ss),,,,,"[diary_nap_b4] = '1'",,,,,,
nap_end_light_b4,activity_sleep_monitor_log_day_night_4,,text,"Nap end white light",,(hh:mm:ss),,,,,"[diary_nap_b4] = '1'",,,,,,
nap_end_activity_b4,activity_sleep_monitor_log_day_night_4,,text,"Nap end activity",,(hh:mm:ss),,,,,"[diary_nap_b4] = '1'",,,,,,
nap_end_input_b4,activity_sleep_monitor_log_day_night_4,,dropdown,"Input variable use","1, Event marker | 2, White light | 3, Sleep diary | 4, Activity",,,,,,"[diary_nap_b4] = '1'",,,,,,
nap_end_concord_b4,activity_sleep_monitor_log_day_night_4,,dropdown,"Concordance ","1, 15 mins | 2, 30 mins | 3, N/A",,,,,,"[diary_nap_b4] = '1'",,,,,,
nap_end_numinput_b4,activity_sleep_monitor_log_day_night_4,,dropdown,"Number of inputs","4, 4 | 3, 3 | 2, 2 | 1, 1",,,,,,"[diary_nap_b4] = '1'",,,,,,
nap_end_notes_b4,activity_sleep_monitor_log_day_night_4,,notes,Justification/Notes,,,,,,,"[diary_nap_b4] = '1'",,,,,,
diary_day5,activity_sleep_monitor_log_day_night_5,"Day 5 Log",dropdown,Day,"1, Monday | 2, Tuesday | 3, Wednesday | 4, Thursday | 5, Friday | 6, Saturday | 7, Sunday",,,,,,,,LV,,,,
diary_date5,activity_sleep_monitor_log_day_night_5,,text,Date,,,date_mdy,,,,,,LV,,,,
diary_workstart5,activity_sleep_monitor_log_day_night_5,,text,"If you worked today, what time did you start work? ",,,time,,,,,,LV,,,,
diary_workstop5,activity_sleep_monitor_log_day_night_5,,text,"If you worked today, what time did you stop work? ",,,time,,,,,,LV,,,,
diary_bedtime5,activity_sleep_monitor_log_day_night_5,,text,"What time did you get into bed? ",,,time,,,,,,LV,,,,
diary_monitorsoff5,activity_sleep_monitor_log_day_night_5,,yesno,"Did you remove the thigh monitor for >10 minutes today?",,,,,,,,,LV,,,,
diary_monitorsofftime5,activity_sleep_monitor_log_day_night_5,,text,"Time removed",,,time,,,,[diary_monitorsoff5]=1,,LV,,,,
diary_monitorsontime5,activity_sleep_monitor_log_day_night_5,,text,"Time back on",,,time,,,,[diary_monitorsoff5]=1,,LV,,,,
diary_monitorsofftxt5,activity_sleep_monitor_log_day_night_5,,notes,Reason,,,,,,,[diary_monitorsoff5]=1,,LV,,,,
diary_nap5,activity_sleep_monitor_log_day_night_5,,yesno,"Did you take a nap today? ",,,,,,,,,LV,,,,
diary_napstrt5,activity_sleep_monitor_log_day_night_5,,text,"Nap start time",,,time,,,,[diary_nap5]=1,,LV,,,,
diary_napend5,activity_sleep_monitor_log_day_night_5,,text,"Nap end time",,,time,,,,[diary_nap5]=1,,LV,,,,
diary_nap_b5,activity_sleep_monitor_log_day_night_5,,yesno,"SECOND NAP: Is there a second nap?",,,,,,,,,LV,,,,
diary_napstrt_b5,activity_sleep_monitor_log_day_night_5,,text,"Nap start time",,,time,,,,[diary_nap_b5]=1,,LV,,,,
diary_napend_b5,activity_sleep_monitor_log_day_night_5,,text,"Nap end time",,,time,,,,[diary_nap_b5]=1,,LV,,,,
diary_actchg5,activity_sleep_monitor_log_day_night_5,,yesno,"Did your usual activity or sleep patterns change for any reason (e.g. quarantine, illness, injury, etc.)? ",,,,,,,,,LV,,,,
diary_actchgtxt5,activity_sleep_monitor_log_day_night_5,,notes,"If yes, please describe",,,,,,,[diary_actchg5]=1,,LV,,,,
diary_comments5,activity_sleep_monitor_log_day_night_5,,notes,"Other comments",,,,,,,,,LV,,,,
diary_trysleep5,activity_sleep_monitor_log_day_night_5,"Night 5 Sleep Recall",text,"What time did you try to go to sleep?",,,time,,,,,,LV,,,,
diary_fallaslp5,activity_sleep_monitor_log_day_night_5,,text,"How long did it take you to fall asleep? (minutes)",,,number,0,,,,,LV,,,,
diary_wake5,activity_sleep_monitor_log_day_night_5,,text,"How many times did you wake up, not counting your final awakening?
",,,number,,,,,,LV,,,,
diary_waketotal5,activity_sleep_monitor_log_day_night_5,,text,"In total, how long did these awakenings last? (minutes)
",,,number,,,,,,LV,,,,
diary_finalwake5,activity_sleep_monitor_log_day_night_5,,text,"What time was your final wakening?",,,time,,,,,,LV,,,,
diary_stopsleep5,activity_sleep_monitor_log_day_night_5,,text,"What time did you stop trying to sleep?
",,,time,,,,,,LV,,,,
diary_outofbed5,activity_sleep_monitor_log_day_night_5,,text,"What time did you get out of bed for the day?
",,,time,,,,,,,,,,
diary_totalsleep5,activity_sleep_monitor_log_day_night_5,,text,"In total, how long did you sleep? (hours converted to decimals, i.e., 8.5)
",,,number,0,24,,,,,,,,
diary_sleepqual5,activity_sleep_monitor_log_day_night_5,,radio,"How would you rate the quality of your sleep?
","1, Very poor | 2, Poor | 3, Fair | 4, Good | 5, Very good",,,,,,,,,,,,
night_marker_5,activity_sleep_monitor_log_day_night_5,"Actigraphy editing",text,"Evening event marker",,(hh:mm:ss),,,,,,,,,,,
night_light_5,activity_sleep_monitor_log_day_night_5,,text,"Evening white light",,(hh:mm:ss),,,,,,,,,,,
night_activity_5,activity_sleep_monitor_log_day_night_5,,text,"Evening activity",,(hh:mm:ss),,,,,,,,,,,
night_input_5,activity_sleep_monitor_log_day_night_5,,dropdown,"Input variable use","1, Event marker | 2, White light | 3, Sleep diary | 4, Activity",,,,,,,,,,,,
night_concord_5,activity_sleep_monitor_log_day_night_5,,dropdown,"Concordance ","1, 15 mins | 2, 30 mins | 3, N/A",,,,,,,,,,,,
night_numinput_5,activity_sleep_monitor_log_day_night_5,,dropdown,"Number of inputs","4, 4 | 3, 3 | 2, 2 | 1, 1",,,,,,,,,,,,
night_notes_5,activity_sleep_monitor_log_day_night_5,,notes,Justification/Notes,,,,,,,,,,,,,
morn_marker_5,activity_sleep_monitor_log_day_night_5,,text,"Morning event marker",,(hh:mm:ss),,,,,,,,,,,
morn_light_5,activity_sleep_monitor_log_day_night_5,,text,"Morning white light",,(hh:mm:ss),,,,,,,,,,,
morn_activity_5,activity_sleep_monitor_log_day_night_5,,text,"Morning activity",,(hh:mm:ss),,,,,,,,,,,
morn_input_5,activity_sleep_monitor_log_day_night_5,,dropdown,"Input variable use","1, Event marker | 2, White light | 3, Sleep diary | 4, Activity",,,,,,,,,,,,
morn_concord_5,activity_sleep_monitor_log_day_night_5,,dropdown,Concordance,"1, 15 mins | 2, 30 mins | 3, N/A",,,,,,,,,,,,
morn_numinput_5,activity_sleep_monitor_log_day_night_5,,dropdown,"Number of inputs","4, 4 | 3, 3 | 2, 2 | 1, 1",,,,,,,,,,,,
morn_notes_5,activity_sleep_monitor_log_day_night_5,,notes,Justification/Notes,,,,,,,,,,,,,
nap_start_marker_5,activity_sleep_monitor_log_day_night_5,,text,"Nap start event marker",,(hh:mm:ss),,,,,"[diary_nap5] = '1'",,,,,,
nap_start_light_5,activity_sleep_monitor_log_day_night_5,,text,"Nap start white light",,(hh:mm:ss),,,,,"[diary_nap5] = '1'",,,,,,
nap_start_activity_5,activity_sleep_monitor_log_day_night_5,,text,"Nap start activity",,(hh:mm:ss),,,,,"[diary_nap5] = '1'",,,,,,
nap_start_input_5,activity_sleep_monitor_log_day_night_5,,dropdown,"Input variable use","1, Event marker | 2, White light | 3, Sleep diary | 4, Activity",,,,,,"[diary_nap5] = '1'",,,,,,
nap_start_concord_5,activity_sleep_monitor_log_day_night_5,,dropdown,Concordance,"1, 15 mins | 2, 30 mins | 3, N/A",,,,,,"[diary_nap5] = '1'",,,,,,
nap_start_numinput_5,activity_sleep_monitor_log_day_night_5,,dropdown,"Number of inputs","4, 4 | 3, 3 | 2, 2 | 1, 1",,,,,,"[diary_nap5] = '1'",,,,,,
nap_start_notes_5,activity_sleep_monitor_log_day_night_5,,notes,Justification/Notes,,,,,,,"[diary_nap5] = '1'",,,,,,
nap_end_marker_5,activity_sleep_monitor_log_day_night_5,,text,"Nap end event marker",,(hh:mm:ss),,,,,"[diary_nap5] = '1'",,,,,,
nap_end_light_5,activity_sleep_monitor_log_day_night_5,,text,"Nap end white light",,(hh:mm:ss),,,,,"[diary_nap5] = '1'",,,,,,
nap_end_activity_5,activity_sleep_monitor_log_day_night_5,,text,"Nap end activity",,(hh:mm:ss),,,,,"[diary_nap5] = '1'",,,,,,
nap_end_input_5,activity_sleep_monitor_log_day_night_5,,dropdown,"Input variable use","1, Event marker | 2, White light | 3, Sleep diary | 4, Activity",,,,,,"[diary_nap5] = '1'",,,,,,
nap_end_concord_5,activity_sleep_monitor_log_day_night_5,,dropdown,Concordance,"1, 15 mins | 2, 30 mins | 3, N/A",,,,,,"[diary_nap5] = '1'",,LV,,,,
nap_end_numinput_5,activity_sleep_monitor_log_day_night_5,,dropdown,"Number of inputs","4, 4 | 3, 3 | 2, 2 | 1, 1",,,,,,"[diary_nap5] = '1'",,LV,,,,
nap_end_notes_5,activity_sleep_monitor_log_day_night_5,,notes,Justification/Notes,,,,,,,"[diary_nap5] = '1'",,LV,,,,
nap_start_marker_b5,activity_sleep_monitor_log_day_night_5,"Second Nap",text,"Nap start event marker",,(hh:mm:ss),,,,,"[diary_nap_b5] = '1'",,,,,,
nap_start_light_b5,activity_sleep_monitor_log_day_night_5,,text,"Nap start white light",,(hh:mm:ss),,,,,"[diary_nap_b5] = '1'",,,,,,
nap_start_activity_b5,activity_sleep_monitor_log_day_night_5,,text,"Nap start activity",,(hh:mm:ss),,,,,"[diary_nap_b5] = '1'",,,,,,
nap_start_input_b5,activity_sleep_monitor_log_day_night_5,,dropdown,"Input variable use","1, Event marker | 2, White light | 3, Sleep Diary | 4, Activity",,,,,,"[diary_nap_b5] = '1'",,,,,,
nap_start_concord_b5,activity_sleep_monitor_log_day_night_5,,dropdown,"Concordance ","1, 15 mins | 2, 30 mins | 3, N/A",,,,,,"[diary_nap_b5] = '1'",,,,,,
nap_start_numinput_b5,activity_sleep_monitor_log_day_night_5,,dropdown,"Number of inputs","4, 4 | 3, 3 | 2, 2 | 1, 1",,,,,,"[diary_nap_b5] = '1'",,,,,,
nap_start_notes_b5,activity_sleep_monitor_log_day_night_5,,notes,Justification/Notes,,,,,,,"[diary_nap_b5] = '1'",,,,,,
nap_end_marker_b5,activity_sleep_monitor_log_day_night_5,,text,"Nap end event marker",,(hh:mm:ss),,,,,"[diary_nap_b5] = '1'",,,,,,
nap_end_light_b5,activity_sleep_monitor_log_day_night_5,,text,"Nap end white light",,(hh:mm:ss),,,,,"[diary_nap_b5] = '1'",,,,,,
nap_end_activity_b5,activity_sleep_monitor_log_day_night_5,,text,"Nap end activity",,(hh:mm:ss),,,,,"[diary_nap_b5] = '1'",,,,,,
nap_end_input_b5,activity_sleep_monitor_log_day_night_5,,dropdown,"Input variable use","1, Event marker | 2, White light | 3, Sleep diary | 4, Activity",,,,,,"[diary_nap_b5] = '1'",,,,,,
nap_end_concord_b5,activity_sleep_monitor_log_day_night_5,,dropdown,"Concordance ","1, 15 mins | 2, 30 mins | 3, N/A",,,,,,"[diary_nap_b5] = '1'",,,,,,
nap_end_numinput_b5,activity_sleep_monitor_log_day_night_5,,dropdown,"Number of inputs","4, 4 | 3, 3 | 2, 2 | 1, 1",,,,,,"[diary_nap_b5] = '1'",,,,,,
nap_end_notes_b5,activity_sleep_monitor_log_day_night_5,,notes,Justification/Notes,,,,,,,"[diary_nap_b5] = '1'",,,,,,
diary_day6,activity_sleep_monitor_log_day_night_6,"Day 6 Log",dropdown,Day,"1, Monday | 2, Tuesday | 3, Wednesday | 4, Thursday | 5, Friday | 6, Saturday | 7, Sunday",,,,,,,,LV,,,,
diary_date6,activity_sleep_monitor_log_day_night_6,,text,Date,,,date_mdy,,,,,,LV,,,,
diary_workstart6,activity_sleep_monitor_log_day_night_6,,text,"If you worked today, what time did you start work? ",,,time,,,,,,LV,,,,
diary_workstop6,activity_sleep_monitor_log_day_night_6,,text,"If you worked today, what time did you stop work? ",,,time,,,,,,LV,,,,
diary_bedtime6,activity_sleep_monitor_log_day_night_6,,text,"What time did you get into bed? ",,,time,,,,,,LV,,,,
diary_monitorsoff6,activity_sleep_monitor_log_day_night_6,,yesno,"Did you remove the thigh monitor for >10 minutes today?",,,,,,,,,LV,,,,
diary_monitorsofftime6,activity_sleep_monitor_log_day_night_6,,text,"Time removed",,,time,,,,[diary_monitorsoff6]=1,,LV,,,,
diary_monitorsontime6,activity_sleep_monitor_log_day_night_6,,text,"Time back on",,,time,,,,[diary_monitorsoff6]=1,,LV,,,,
diary_monitorsofftxt6,activity_sleep_monitor_log_day_night_6,,notes,Reason,,,,,,,[diary_monitorsoff6]=1,,LV,,,,
diary_nap6,activity_sleep_monitor_log_day_night_6,,yesno,"Did you take a nap today? ",,,,,,,,,LV,,,,
diary_napstrt6,activity_sleep_monitor_log_day_night_6,,text,"Nap start time",,,time,,,,[diary_nap6]=1,,LV,,,,
diary_napend6,activity_sleep_monitor_log_day_night_6,,text,"Nap end time",,,time,,,,[diary_nap6]=1,,LV,,,,
diary_nap_b6,activity_sleep_monitor_log_day_night_6,,yesno,"SECOND NAP: Is there a second nap?",,,,,,,,,LV,,,,
diary_napstrt_b6,activity_sleep_monitor_log_day_night_6,,text,"Nap start time",,,time,,,,[diary_nap_b6]=1,,LV,,,,
diary_napend_b6,activity_sleep_monitor_log_day_night_6,,text,"Nap end time",,,time,,,,[diary_nap_b6]=1,,LV,,,,
diary_actchg6,activity_sleep_monitor_log_day_night_6,,yesno,"Did your usual activity or sleep patterns change for any reason (e.g. quarantine, illness, injury, etc.)? ",,,,,,,,,LV,,,,
diary_actchgtxt6,activity_sleep_monitor_log_day_night_6,,notes,"If yes, please describe",,,,,,,[diary_actchg6]=1,,LV,,,,
diary_comments6,activity_sleep_monitor_log_day_night_6,,notes,"Other comments",,,,,,,,,LV,,,,
diary_trysleep6,activity_sleep_monitor_log_day_night_6,"Night 6 Sleep Recall",text,"What time did you try to go to sleep?",,,time,,,,,,LV,,,,
diary_fallaslp6,activity_sleep_monitor_log_day_night_6,,text,"How long did it take you to fall asleep? (minutes)",,,number,0,,,,,LV,,,,
diary_wake6,activity_sleep_monitor_log_day_night_6,,text,"How many times did you wake up, not counting your final awakening?
",,,number,,,,,,LV,,,,
diary_waketotal6,activity_sleep_monitor_log_day_night_6,,text,"In total, how long did these awakenings last? (minutes)
",,,number,,,,,,LV,,,,
diary_finalwake6,activity_sleep_monitor_log_day_night_6,,text,"What time was your final wakening?",,,time,,,,,,LV,,,,
diary_stopsleep6,activity_sleep_monitor_log_day_night_6,,text,"What time did you stop trying to sleep?
",,,time,,,,,,LV,,,,
diary_outofbed6,activity_sleep_monitor_log_day_night_6,,text,"What time did you get out of bed for the day?
",,,time,,,,,,,,,,
diary_totalsleep6,activity_sleep_monitor_log_day_night_6,,text,"In total, how long did you sleep? (hours converted to decimals, i.e., 8.5)
",,,number,0,24,,,,,,,,
diary_sleepqual6,activity_sleep_monitor_log_day_night_6,,radio,"How would you rate the quality of your sleep?
","1, Very poor | 2, Poor | 3, Fair | 4, Good | 5, Very good",,,,,,,,,,,,
night_marker_6,activity_sleep_monitor_log_day_night_6,"Actigraphy editing",text,"Evening event marker",,(hh:mm:ss),,,,,,,,,,,
night_light_6,activity_sleep_monitor_log_day_night_6,,text,"Evening white light ",,(hh:mm:ss),,,,,,,,,,,
night_activity_6,activity_sleep_monitor_log_day_night_6,,text,"Evening activity",,(hh:mm:ss),,,,,,,,,,,
night_input_6,activity_sleep_monitor_log_day_night_6,,dropdown,"Input variable use","1, Event marker | 2, White light | 3, Sleep diary | 4, Activity",,,,,,,,,,,,
night_concord_6,activity_sleep_monitor_log_day_night_6,,dropdown,Concordance,"1, 15 mins | 2, 30 mins | 3, N/A",,,,,,,,,,,,
night_numinput_6,activity_sleep_monitor_log_day_night_6,,dropdown,"Number of inputs","4, 4 | 3, 3 | 2, 2 | 1, 1",,,,,,,,,,,,
night_notes_6,activity_sleep_monitor_log_day_night_6,,notes,Justification/Notes,,,,,,,,,,,,,
morn_marker_6,activity_sleep_monitor_log_day_night_6,,text,"Morning event marker",,(hh:mm:ss),,,,,,,,,,,
morn_light_6,activity_sleep_monitor_log_day_night_6,,text,"Morning white light",,(hh:mm:ss),,,,,,,,,,,
morn_activity_6,activity_sleep_monitor_log_day_night_6,,text,"Morning activity",,(hh:mm:ss),,,,,,,,,,,
morn_input_6,activity_sleep_monitor_log_day_night_6,,dropdown,"Input variable use","1, Event marker | 2, White light | 3, Sleep diary | 4, Activity",(hh:mm:ss),,,,,,,,,,,
morn_concord_6,activity_sleep_monitor_log_day_night_6,,dropdown,Concordance,"1, 15 mins | 2, 30 mins | 3, N/A",,,,,,,,,,,,
morn_numinput_6,activity_sleep_monitor_log_day_night_6,,dropdown,"Number of inputs","4, 4 | 3, 3 | 2, 2 | 1, 1",,,,,,,,,,,,
morn_notes_6,activity_sleep_monitor_log_day_night_6,,notes,Justification/Notes,,,,,,,,,,,,,
nap_start_marker_6,activity_sleep_monitor_log_day_night_6,,text,"Nap start event marker",,(hh:mm:ss),,,,,"[diary_nap6] = '1'",,,,,,
nap_start_light_6,activity_sleep_monitor_log_day_night_6,,text,"Nap start white light",,(hh:mm:ss),,,,,"[diary_nap6] = '1'",,,,,,
nap_start_activity_6,activity_sleep_monitor_log_day_night_6,,text,"Nap start activity",,(hh:mm:ss),,,,,"[diary_nap6] = '1'",,,,,,
nap_start_input_6,activity_sleep_monitor_log_day_night_6,,dropdown,"Input variable use ","1, Event marker | 2, White light | 3, Sleep diary | 4, Activity",,,,,,"[diary_nap6] = '1'",,,,,,
nap_start_concord_6,activity_sleep_monitor_log_day_night_6,,dropdown,Concordance,"1, 15 mins | 2, 30 mins | 3, N/A",,,,,,"[diary_nap6] = '1'",,,,,,
nap_start_numinput_6,activity_sleep_monitor_log_day_night_6,,dropdown,"Number of inputs","4, 4 | 3, 3 | 2, 2 | 1, 1",,,,,,"[diary_nap6] = '1'",,,,,,
nap_start_notes_6,activity_sleep_monitor_log_day_night_6,,notes,Justification/Notes,,,,,,,"[diary_nap6] = '1'",,,,,,
nap_end_marker_6,activity_sleep_monitor_log_day_night_6,,text,"Nap end event marker",,(hh:mm:ss),,,,,"[diary_nap6] = '1'",,,,,,
nap_end_light_6,activity_sleep_monitor_log_day_night_6,,text,"Nap end white light",,(hh:mm:ss),,,,,"[diary_nap6] = '1'",,,,,,
nap_end_activity_6,activity_sleep_monitor_log_day_night_6,,text,"Nap end activity",,(hh:mm:ss),,,,,"[diary_nap6] = '1'",,,,,,
nap_end_input_6,activity_sleep_monitor_log_day_night_6,,dropdown,"Input variable use","1, Event marker | 2, White light | 3, Sleep diary | 4, Activity",,,,,,"[diary_nap6] = '1'",,,,,,
nap_end_concord_6,activity_sleep_monitor_log_day_night_6,,dropdown,Concordance,"1, 15 mins | 2, 30 mins | 3, N/A",,,,,,"[diary_nap6] = '1'",,LV,,,,
nap_end_numinput_6,activity_sleep_monitor_log_day_night_6,,dropdown,"Number of inputs","4, 4 | 3, 3 | 2, 2 | 1, 1",,,,,,"[diary_nap6] = '1'",,LV,,,,
nap_end_notes_6,activity_sleep_monitor_log_day_night_6,,notes,Justification/Notes,,,,,,,"[diary_nap6] = '1'",,LV,,,,
nap_start_marker_b6,activity_sleep_monitor_log_day_night_6,"Second Nap",text,"Nap start event marker",,(hh:mm:ss),,,,,"[diary_nap_b6] = '1'",,,,,,
nap_start_light_b6,activity_sleep_monitor_log_day_night_6,,text,"Nap start white light",,(hh:mm:ss),,,,,"[diary_nap_b6] = '1'",,,,,,
nap_start_activity_b6,activity_sleep_monitor_log_day_night_6,,text,"Nap start activity",,(hh:mm:ss),,,,,"[diary_nap_b6] = '1'",,,,,,
nap_start_input_b6,activity_sleep_monitor_log_day_night_6,,dropdown,"Input variable use","1, Event marker | 2, White light | 3, Sleep Diary | 4, Activity",,,,,,"[diary_nap_b6] = '1'",,,,,,
nap_start_concord_b6,activity_sleep_monitor_log_day_night_6,,dropdown,"Concordance ","1, 15 mins | 2, 30 mins | 3, N/A",,,,,,"[diary_nap_b6] = '1'",,,,,,
nap_start_numinput_b6,activity_sleep_monitor_log_day_night_6,,dropdown,"Number of inputs","4, 4 | 3, 3 | 2, 2 | 1, 1",,,,,,"[diary_nap_b6] = '1'",,,,,,
nap_start_notes_b6,activity_sleep_monitor_log_day_night_6,,notes,Justification/Notes,,,,,,,"[diary_nap_b6] = '1'",,,,,,
nap_end_marker_b6,activity_sleep_monitor_log_day_night_6,,text,"Nap end event marker",,(hh:mm:ss),,,,,"[diary_nap_b6] = '1'",,,,,,
nap_end_light_b6,activity_sleep_monitor_log_day_night_6,,text,"Nap end white light",,(hh:mm:ss),,,,,"[diary_nap_b6] = '1'",,,,,,
nap_end_activity_b6,activity_sleep_monitor_log_day_night_6,,text,"Nap end activity",,(hh:mm:ss),,,,,"[diary_nap_b6] = '1'",,,,,,
nap_end_input_b6,activity_sleep_monitor_log_day_night_6,,dropdown,"Input variable use","1, Event marker | 2, White light | 3, Sleep diary | 4, Activity",,,,,,"[diary_nap_b6] = '1'",,,,,,
nap_end_concord_b6,activity_sleep_monitor_log_day_night_6,,dropdown,"Concordance ","1, 15 mins | 2, 30 mins | 3, N/A",,,,,,"[diary_nap_b6] = '1'",,,,,,
nap_end_numinput_b6,activity_sleep_monitor_log_day_night_6,,dropdown,"Number of inputs","4, 4 | 3, 3 | 2, 2 | 1, 1",,,,,,"[diary_nap_b6] = '1'",,,,,,
nap_end_notes_b6,activity_sleep_monitor_log_day_night_6,,notes,Justification/Notes,,,,,,,"[diary_nap_b6] = '1'",,,,,,
diary_day7,activity_sleep_monitor_log_day_night_7,"Day 7 Log",dropdown,Day,"1, Monday | 2, Tuesday | 3, Wednesday | 4, Thursday | 5, Friday | 6, Saturday | 7, Sunday",,,,,,,,LV,,,,
diary_date7,activity_sleep_monitor_log_day_night_7,,text,Date,,,date_mdy,,,,,,LV,,,,
diary_workstart7,activity_sleep_monitor_log_day_night_7,,text,"If you worked today, what time did you start work? ",,,time,,,,,,LV,,,,
diary_workstop7,activity_sleep_monitor_log_day_night_7,,text,"If you worked today, what time did you stop work? ",,,time,,,,,,LV,,,,
diary_bedtime7,activity_sleep_monitor_log_day_night_7,,text,"What time did you get into bed? ",,,time,,,,,,LV,,,,
diary_monitorsoff7,activity_sleep_monitor_log_day_night_7,,yesno,"Did you remove the thigh monitor for >10 minutes today?",,,,,,,,,LV,,,,
diary_monitorsofftime7,activity_sleep_monitor_log_day_night_7,,text,"Time removed",,,time,,,,[diary_monitorsoff7]=1,,LV,,,,
diary_monitorsontime7,activity_sleep_monitor_log_day_night_7,,text,"Time back on",,,time,,,,[diary_monitorsoff7]=1,,LV,,,,
diary_monitorsofftxt7,activity_sleep_monitor_log_day_night_7,,notes,Reason,,,,,,,[diary_monitorsoff7]=1,,LV,,,,
diary_nap7,activity_sleep_monitor_log_day_night_7,,yesno,"Did you take a nap today? ",,,,,,,,,LV,,,,
diary_napstrt7,activity_sleep_monitor_log_day_night_7,,text,"Nap start time",,,time,,,,[diary_nap7]=1,,LV,,,,
diary_napend7,activity_sleep_monitor_log_day_night_7,,text,"Nap end time",,,time,,,,[diary_nap7]=1,,LV,,,,
diary_nap_b7,activity_sleep_monitor_log_day_night_7,,yesno,"SECOND NAP: Is there a second nap?",,,,,,,,,LV,,,,
diary_napstrt_b7,activity_sleep_monitor_log_day_night_7,,text,"Nap start time",,,time,,,,[diary_nap_b7]=1,,LV,,,,
diary_napend_b7,activity_sleep_monitor_log_day_night_7,,text,"Nap end time",,,time,,,,[diary_nap_b7]=1,,LV,,,,
diary_actchg7,activity_sleep_monitor_log_day_night_7,,yesno,"Did your usual activity or sleep patterns change for any reason (e.g. quarantine, illness, injury, etc.)? ",,,,,,,,,LV,,,,
diary_actchgtxt7,activity_sleep_monitor_log_day_night_7,,notes,"If yes, please describe",,,,,,,[diary_actchg7]=1,,LV,,,,
diary_comments7,activity_sleep_monitor_log_day_night_7,,notes,"Other comments",,,,,,,,,LV,,,,
diary_trysleep7,activity_sleep_monitor_log_day_night_7,"Night 7 Sleep Recall",text,"What time did you try to go to sleep?",,,time,,,,,,LV,,,,
diary_fallaslp7,activity_sleep_monitor_log_day_night_7,,text,"How long did it take you to fall asleep? (minutes)",,,number,0,,,,,LV,,,,
diary_wake7,activity_sleep_monitor_log_day_night_7,,text,"How many times did you wake up, not counting your final awakening?
",,,number,,,,,,LV,,,,
diary_waketotal7,activity_sleep_monitor_log_day_night_7,,text,"In total, how long did these awakenings last? (minutes)
",,,number,,,,,,LV,,,,
diary_finalwake7,activity_sleep_monitor_log_day_night_7,,text,"What time was your final wakening?",,,time,,,,,,LV,,,,
diary_stopsleep7,activity_sleep_monitor_log_day_night_7,,text,"What time did you stop trying to sleep?
",,,time,,,,,,LV,,,,
diary_outofbed7,activity_sleep_monitor_log_day_night_7,,text,"What time did you get out of bed for the day?
",,,time,,,,,,,,,,
diary_totalsleep7,activity_sleep_monitor_log_day_night_7,,text,"In total, how long did you sleep? (hours converted to decimals, i.e., 8.5)
",,,number,0,24,,,,,,,,
diary_sleepqual7,activity_sleep_monitor_log_day_night_7,,radio,"How would you rate the quality of your sleep?
","1, Very poor | 2, Poor | 3, Fair | 4, Good | 5, Very good",,,,,,,,,,,,
night_marker_7,activity_sleep_monitor_log_day_night_7,"Actigraphy editing",text,"Evening event marker",,(hh:mm:ss),,,,,,,,,,,
night_light_7,activity_sleep_monitor_log_day_night_7,,text,"Evening white light",,(hh:mm:ss),,,,,,,,,,,
night_activity_7,activity_sleep_monitor_log_day_night_7,,text,"Evening activity",,(hh:mm:ss),,,,,,,,,,,
night_input_7,activity_sleep_monitor_log_day_night_7,,dropdown,"Input variable use","1, Event marker | 2, White light | 3, Sleep diary | 4, Activity",,,,,,,,,,,,
night_concord_7,activity_sleep_monitor_log_day_night_7,,dropdown,Concordance,"1, 15 mins | 2, 30 mins | 3, N/A",,,,,,,,,,,,
night_numinput_7,activity_sleep_monitor_log_day_night_7,,dropdown,"Number of inputs","4, 4 | 3, 3 | 2, 2 | 1, 1",,,,,,,,,,,,
night_notes_7,activity_sleep_monitor_log_day_night_7,,notes,Justification/Notes,,,,,,,,,,,,,
morn_marker_7,activity_sleep_monitor_log_day_night_7,,text,"Morning event marker",,(hh:mm:ss),,,,,,,,,,,
morn_light_7,activity_sleep_monitor_log_day_night_7,,text,"Morning white light",,(hh:mm:ss),,,,,,,,,,,
morn_activity_7,activity_sleep_monitor_log_day_night_7,,text,"Morning activity",,(hh:mm:ss),,,,,,,,,,,
morn_input_7,activity_sleep_monitor_log_day_night_7,,dropdown,"Input variable use","1, Event marker | 2, White light | 3, Sleep diary | 4, Activity",,,,,,,,,,,,
morn_concord_7,activity_sleep_monitor_log_day_night_7,,dropdown,Concordance,"1, 15 mins | 2, 30 mins | 3, N/A",,,,,,,,,,,,
morn_numinput_7,activity_sleep_monitor_log_day_night_7,,dropdown,"Number of inputs","4, 4 | 3, 3 | 2, 2 | 1, 1",,,,,,,,,,,,
morn_notes_7,activity_sleep_monitor_log_day_night_7,,notes,Justification/Notes,,,,,,,,,,,,,
nap_start_marker_7,activity_sleep_monitor_log_day_night_7,,text,"Nap start event marker",,(hh:mm:ss),,,,,"[diary_nap7] = '1'",,,,,,
nap_start_light_7,activity_sleep_monitor_log_day_night_7,,text,"Nap start white light",,(hh:mm:ss),,,,,"[diary_nap7] = '1'",,,,,,
nap_start_activity_7,activity_sleep_monitor_log_day_night_7,,text,"Nap start activity",,(hh:mm:ss),,,,,"[diary_nap7] = '1'",,,,,,
nap_start_input_7,activity_sleep_monitor_log_day_night_7,,dropdown,"Input variable use","1, Event marker | 2, White light | 3, Sleep diary | 4, Activity",,,,,,"[diary_nap7] = '1'",,,,,,
nap_start_concord_7,activity_sleep_monitor_log_day_night_7,,dropdown,Concordance,"1, 15 mins | 2, 30 mins | 3, N/A",,,,,,"[diary_nap7] = '1'",,,,,,
nap_start_numinput_7,activity_sleep_monitor_log_day_night_7,,dropdown,"Number of inputs","4, 4 | 3, 3 | 2, 2 | 1, 1",,,,,,"[diary_nap7] = '1'",,,,,,
nap_start_notes_7,activity_sleep_monitor_log_day_night_7,,notes,Justification/Notes,,,,,,,"[diary_nap7] = '1'",,,,,,
nap_end_marker_7,activity_sleep_monitor_log_day_night_7,,text,"Nap end event marker",,(hh:mm:ss),,,,,"[diary_nap7] = '1'",,,,,,
nap_end_light_7,activity_sleep_monitor_log_day_night_7,,text,"Nap end white light",,(hh:mm:ss),,,,,"[diary_nap7] = '1'",,,,,,
nap_end_activity_7,activity_sleep_monitor_log_day_night_7,,text,"Nap end activity",,(hh:mm:ss),,,,,"[diary_nap7] = '1'",,,,,,
nap_end_input_7,activity_sleep_monitor_log_day_night_7,,dropdown,"Input variable use","1, Event marker | 2, White light | 3, Sleep diary | 4, Activity",,,,,,"[diary_nap7] = '1'",,,,,,
nap_end_concord_7,activity_sleep_monitor_log_day_night_7,,dropdown,Concordance,"1, 15 mins | 2, 30 mins | 3, N/A",,,,,,"[diary_nap7] = '1'",,LV,,,,
nap_end_numinput_7,activity_sleep_monitor_log_day_night_7,,dropdown,"Number of inputs","4, 4 | 3, 3 | 2, 2 | 1, 1",,,,,,"[diary_nap7] = '1'",,LV,,,,
nap_end_notes_7,activity_sleep_monitor_log_day_night_7,,notes,Justification/Notes,,,,,,,"[diary_nap7] = '1'",,LV,,,,
nap_start_marker_b7,activity_sleep_monitor_log_day_night_7,"Second Nap",text,"Nap start event marker",,(hh:mm:ss),,,,,"[diary_nap_b7] = '1'",,,,,,
nap_start_light_b7,activity_sleep_monitor_log_day_night_7,,text,"Nap start white light",,(hh:mm:ss),,,,,"[diary_nap_b7] = '1'",,,,,,
nap_start_activity_b7,activity_sleep_monitor_log_day_night_7,,text,"Nap start activity",,(hh:mm:ss),,,,,"[diary_nap_b7] = '1'",,,,,,
nap_start_input_b7,activity_sleep_monitor_log_day_night_7,,dropdown,"Input variable use","1, Event marker | 2, White light | 3, Sleep Diary | 4, Activity",,,,,,"[diary_nap_b7] = '1'",,,,,,
nap_start_concord_b7,activity_sleep_monitor_log_day_night_7,,dropdown,"Concordance ","1, 15 mins | 2, 30 mins | 3, N/A",,,,,,"[diary_nap_b7] = '1'",,,,,,
nap_start_numinput_b7,activity_sleep_monitor_log_day_night_7,,dropdown,"Number of inputs","4, 4 | 3, 3 | 2, 2 | 1, 1",,,,,,"[diary_nap_b7] = '1'",,,,,,
nap_start_notes_b7,activity_sleep_monitor_log_day_night_7,,notes,Justification/Notes,,,,,,,"[diary_nap_b7] = '1'",,,,,,
nap_end_marker_b7,activity_sleep_monitor_log_day_night_7,,text,"Nap end event marker",,(hh:mm:ss),,,,,"[diary_nap_b7] = '1'",,,,,,
nap_end_light_b7,activity_sleep_monitor_log_day_night_7,,text,"Nap end white light",,(hh:mm:ss),,,,,"[diary_nap_b7] = '1'",,,,,,
nap_end_activity_b7,activity_sleep_monitor_log_day_night_7,,text,"Nap end activity",,(hh:mm:ss),,,,,"[diary_nap_b7] = '1'",,,,,,
nap_end_input_b7,activity_sleep_monitor_log_day_night_7,,dropdown,"Input variable use","1, Event marker | 2, White light | 3, Sleep diary | 4, Activity",,,,,,"[diary_nap_b7] = '1'",,,,,,
nap_end_concord_b7,activity_sleep_monitor_log_day_night_7,,dropdown,"Concordance ","1, 15 mins | 2, 30 mins | 3, N/A",,,,,,"[diary_nap_b7] = '1'",,,,,,
nap_end_numinput_b7,activity_sleep_monitor_log_day_night_7,,dropdown,"Number of inputs","4, 4 | 3, 3 | 2, 2 | 1, 1",,,,,,"[diary_nap_b7] = '1'",,,,,,
nap_end_notes_b7,activity_sleep_monitor_log_day_night_7,,notes,Justification/Notes,,,,,,,"[diary_nap_b7] = '1'",,,,,,
diary_day8,activity_sleep_monitor_log_day_night_8,"Day 8 Log",dropdown,Day,"1, Monday | 2, Tuesday | 3, Wednesday | 4, Thursday | 5, Friday | 6, Saturday | 7, Sunday",,,,,,,,LV,,,,
diary_date8,activity_sleep_monitor_log_day_night_8,,text,Date,,,date_mdy,,,,,,LV,,,,
diary_workstart8,activity_sleep_monitor_log_day_night_8,,text,"If you worked today, what time did you start work? ",,,time,,,,,,LV,,,,
diary_workstop8,activity_sleep_monitor_log_day_night_8,,text,"If you worked today, what time did you stop work? ",,,time,,,,,,LV,,,,
diary_bedtime8,activity_sleep_monitor_log_day_night_8,,text,"What time did you get into bed? ",,,time,,,,,,LV,,,,
diary_monitorsoff8,activity_sleep_monitor_log_day_night_8,,yesno,"Did you remove the thigh monitor for >10 minutes today?",,,,,,,,,LV,,,,
diary_monitorsofftime8,activity_sleep_monitor_log_day_night_8,,text,"Time removed",,,time,,,,[diary_monitorsoff8]=1,,LV,,,,
diary_monitorsontime8,activity_sleep_monitor_log_day_night_8,,text,"Time back on",,,time,,,,[diary_monitorsoff8]=1,,LV,,,,
diary_monitorsofftxt8,activity_sleep_monitor_log_day_night_8,,notes,Reason,,,,,,,[diary_monitorsoff8]=1,,LV,,,,
diary_nap8,activity_sleep_monitor_log_day_night_8,,yesno,"Did you take a nap today? ",,,,,,,,,LV,,,,
diary_napstrt8,activity_sleep_monitor_log_day_night_8,,text,"Nap start time",,,time,,,,[diary_nap8]=1,,LV,,,,
diary_napend8,activity_sleep_monitor_log_day_night_8,,text,"Nap end time",,,time,,,,[diary_nap8]=1,,LV,,,,
diary_nap_b8,activity_sleep_monitor_log_day_night_8,,yesno,"SECOND NAP: Is there a second nap?",,,,,,,,,LV,,,,
diary_napstrt_b8,activity_sleep_monitor_log_day_night_8,,text,"Nap start time",,,time,,,,[diary_nap_b8]=1,,LV,,,,
diary_napend_b8,activity_sleep_monitor_log_day_night_8,,text,"Nap end time",,,time,,,,[diary_nap_b8]=1,,LV,,,,
diary_actchg8,activity_sleep_monitor_log_day_night_8,,yesno,"Did your usual activity or sleep patterns change for any reason (e.g. quarantine, illness, injury, etc.)? ",,,,,,,,,LV,,,,
diary_actchgtxt8,activity_sleep_monitor_log_day_night_8,,notes,"If yes, please describe",,,,,,,[diary_actchg8]=1,,LV,,,,
diary_comments8,activity_sleep_monitor_log_day_night_8,,notes,"Other comments",,,,,,,,,LV,,,,
diary_trysleep8,activity_sleep_monitor_log_day_night_8,"Night 8 Sleep Recall",text,"What time did you try to go to sleep?",,,time,,,,,,LV,,,,
diary_fallaslp8,activity_sleep_monitor_log_day_night_8,,text,"How long did it take you to fall asleep? (minutes)",,,number,0,,,,,LV,,,,
diary_wake8,activity_sleep_monitor_log_day_night_8,,text,"How many times did you wake up, not counting your final awakening?
",,,number,,,,,,LV,,,,
diary_waketotal8,activity_sleep_monitor_log_day_night_8,,text,"In total, how long did these awakenings last? (minutes)
",,,number,,,,,,LV,,,,
diary_finalwake8,activity_sleep_monitor_log_day_night_8,,text,"What time was your final wakening?",,,time,,,,,,LV,,,,
diary_stopsleep8,activity_sleep_monitor_log_day_night_8,,text,"What time did you stop trying to sleep?
",,,time,,,,,,LV,,,,
diary_outofbed8,activity_sleep_monitor_log_day_night_8,,text,"What time did you get out of bed for the day?
",,,time,,,,,,,,,,
diary_totalsleep8,activity_sleep_monitor_log_day_night_8,,text,"In total, how long did you sleep? (hours converted to decimals, i.e., 8.5)",,,number,0,24,,,,,,,,
diary_sleepqual8,activity_sleep_monitor_log_day_night_8,,radio,"How would you rate the quality of your sleep?
","1, Very poor | 2, Poor | 3, Fair | 4, Good | 5, Very good",,,,,,,,,,,,
night_marker_8,activity_sleep_monitor_log_day_night_8,"Actigraphy editing",text,"Evening event marker",,(hh:mm:ss),,,,,,,,,,,
night_light_8,activity_sleep_monitor_log_day_night_8,,text,"Evening white light",,(hh:mm:ss),,,,,,,,,,,
night_activity_8,activity_sleep_monitor_log_day_night_8,,text,"Evening activity",,(hh:mm:ss),,,,,,,,,,,
night_input_8,activity_sleep_monitor_log_day_night_8,,dropdown,"Input variable use","1, Event marker | 2, White light | 3, Sleep diary | 4, Activity",,,,,,,,,,,,
night_concord_8,activity_sleep_monitor_log_day_night_8,,dropdown,Concordance,"1, 15 mins | 2, 30 mins | 3, N/A",,,,,,,,,,,,
night_numinput_8,activity_sleep_monitor_log_day_night_8,,dropdown,"Number of inputs","4, 4 | 3, 3 | 2, 2 | 1, 1",,,,,,,,,,,,
night_notes_8,activity_sleep_monitor_log_day_night_8,,notes,Justification/Notes,,,,,,,,,,,,,
morn_marker_8,activity_sleep_monitor_log_day_night_8,,text,"Morning event marker",,(hh:mm:ss),,,,,,,,,,,
morn_light_8,activity_sleep_monitor_log_day_night_8,,text,"Morning white light",,(hh:mm:ss),,,,,,,,,,,
morn_activity_8,activity_sleep_monitor_log_day_night_8,,text,"Morning activity",,(hh:mm:ss),,,,,,,,,,,
morn_input_8,activity_sleep_monitor_log_day_night_8,,dropdown,"Input variable use","1, Event marker | 2, White light | 3, Sleep diary | 4, Activity",,,,,,,,,,,,
morn_concord_8,activity_sleep_monitor_log_day_night_8,,dropdown,Concordance,"1, 15 mins | 2, 30 mins | 3, N/A",,,,,,,,,,,,
morn_numinput_8,activity_sleep_monitor_log_day_night_8,,dropdown,"Number of inputs","4, 4 | 3, 3 | 2, 2 | 1, 1",,,,,,,,,,,,
morn_notes_8,activity_sleep_monitor_log_day_night_8,,notes,Justification/Notes,,,,,,,,,,,,,
nap_start_marker_8,activity_sleep_monitor_log_day_night_8,,text,"Nap start event marker",,(hh:mm:ss),,,,,"[diary_nap8] = '1'",,,,,,
nap_start_light_8,activity_sleep_monitor_log_day_night_8,,text,"Nap start white light",,(hh:mm:ss),,,,,"[diary_nap8] = '1'",,,,,,
nap_start_activity_8,activity_sleep_monitor_log_day_night_8,,text,"Nap start activity",,(hh:mm:ss),,,,,"[diary_nap8] = '1'",,,,,,
nap_start_input_8,activity_sleep_monitor_log_day_night_8,,dropdown,"Input variable use","1, Event marker | 2, White light | 3, Sleep diary | 4, Activity",,,,,,"[diary_nap8] = '1'",,,,,,
nap_start_concord_8,activity_sleep_monitor_log_day_night_8,,dropdown,Concordance,"1, 15 mins | 2, 30 mins | 3, N/A",,,,,,"[diary_nap8] = '1'",,,,,,
nap_start_numinput_8,activity_sleep_monitor_log_day_night_8,,dropdown,"Number of inputs","4, 4 | 3, 3 | 2, 2 | 1, 1",,,,,,"[diary_nap8] = '1'",,,,,,
nap_start_notes_8,activity_sleep_monitor_log_day_night_8,,notes,Justification/Notes,,,,,,,"[diary_nap8] = '1'",,,,,,
nap_end_marker_8,activity_sleep_monitor_log_day_night_8,,text,"Nap end event marker",,(hh:mm:ss),,,,,"[diary_nap8] = '1'",,,,,,
nap_end_light_8,activity_sleep_monitor_log_day_night_8,,text,"Nap end white light",,(hh:mm:ss),,,,,"[diary_nap8] = '1'",,,,,,
nap_end_activity_8,activity_sleep_monitor_log_day_night_8,,text,"Nap end activity",,(hh:mm:ss),,,,,"[diary_nap8] = '1'",,,,,,
nap_end_input_8,activity_sleep_monitor_log_day_night_8,,dropdown,"Input variable use","1, Event marker | 2, White light | 3, Sleep diary | 4, Activity",,,,,,"[diary_nap8] = '1'",,,,,,
nap_end_concord_8,activity_sleep_monitor_log_day_night_8,,dropdown,Concordance,"1, 15 mins | 2, 30 mins | 3, N/A",,,,,,"[diary_nap8] = '1'",,LV,,,,
nap_end_numinput_8,activity_sleep_monitor_log_day_night_8,,dropdown,"Number of inputs","4, 4 | 3, 3 | 2, 2 | 1, 1",,,,,,"[diary_nap8] = '1'",,LV,,,,
nap_end_notes_8,activity_sleep_monitor_log_day_night_8,,notes,Justification/notes,,,,,,,"[diary_nap8] = '1'",,LV,,,,
nap_start_marker_b8,activity_sleep_monitor_log_day_night_8,"Second Nap",text,"Nap start event marker",,(hh:mm:ss),,,,,"[diary_nap_b8] = '1'",,,,,,
nap_start_light_b8,activity_sleep_monitor_log_day_night_8,,text,"Nap start white light",,(hh:mm:ss),,,,,"[diary_nap_b8] = '1'",,,,,,
nap_start_activity_b8,activity_sleep_monitor_log_day_night_8,,text,"Nap start activity",,(hh:mm:ss),,,,,"[diary_nap_b8] = '1'",,,,,,
nap_start_input_b8,activity_sleep_monitor_log_day_night_8,,dropdown,"Input variable use","1, Event marker | 2, White light | 3, Sleep Diary | 4, Activity",,,,,,"[diary_nap_b8] = '1'",,,,,,
nap_start_concord_b8,activity_sleep_monitor_log_day_night_8,,dropdown,"Concordance ","1, 15 mins | 2, 30 mins | 3, N/A",,,,,,"[diary_nap_b8] = '1'",,,,,,
nap_start_numinput_b8,activity_sleep_monitor_log_day_night_8,,dropdown,"Number of inputs","4, 4 | 3, 3 | 2, 2 | 1, 1",,,,,,"[diary_nap_b8] = '1'",,,,,,
nap_start_notes_b8,activity_sleep_monitor_log_day_night_8,,notes,Justification/Notes,,,,,,,"[diary_nap_b8] = '1'",,,,,,
nap_end_marker_b8,activity_sleep_monitor_log_day_night_8,,text,"Nap end event marker",,(hh:mm:ss),,,,,"[diary_nap_b8] = '1'",,,,,,
nap_end_light_b8,activity_sleep_monitor_log_day_night_8,,text,"Nap end white light",,(hh:mm:ss),,,,,"[diary_nap_b8] = '1'",,,,,,
nap_end_activity_b8,activity_sleep_monitor_log_day_night_8,,text,"Nap end activity",,(hh:mm:ss),,,,,"[diary_nap_b8] = '1'",,,,,,
nap_end_input_b8,activity_sleep_monitor_log_day_night_8,,dropdown,"Input variable use","1, Event marker | 2, White light | 3, Sleep diary | 4, Activity",,,,,,"[diary_nap_b8] = '1'",,,,,,
nap_end_concord_b8,activity_sleep_monitor_log_day_night_8,,dropdown,"Concordance ","1, 15 mins | 2, 30 mins | 3, N/A",,,,,,"[diary_nap_b8] = '1'",,,,,,
nap_end_numinput_b8,activity_sleep_monitor_log_day_night_8,,dropdown,"Number of inputs","4, 4 | 3, 3 | 2, 2 | 1, 1",,,,,,"[diary_nap_b8] = '1'",,,,,,
nap_end_notes_b8,activity_sleep_monitor_log_day_night_8,,notes,Justification/Notes,,,,,,,"[diary_nap_b8] = '1'",,,,,,
diary_day9,activity_sleep_monitor_log_day_9,"Day 9 Log",dropdown,Day,"1, Monday | 2, Tuesday | 3, Wednesday | 4, Thursday | 5, Friday | 6, Saturday | 7, Sunday",,,,,,,,LV,,,,
diary_date9,activity_sleep_monitor_log_day_9,,text,Date,,,date_mdy,,,,,,LV,,,,
diary_time9,activity_sleep_monitor_log_day_9,,text,"Time monitors were taken off for the day",,,time,,,,,,LV,,,,
diary_comments9,activity_sleep_monitor_log_day_9,,notes,"Other comments",,,,,,,,,,,,,
diary_gencomments9,activity_sleep_monitor_log_day_9,,notes,"General notes and comments",,,,,,,,,,,,,
diary_24nosleep,activity_sleep_monitor_log_day_9,,yesno,"During this 9-day wear protocol, was there a period of 24 hours or more without any recorded sleep time? ",,,,,,,,,,,,,
